"Env","Line","GY","PHR","GC","PH"
"2009","Line_10",6283.0837,0.610651,0.020509,79.5059
"2009","Line_11",6551.0953,0.639734,0.036922,79.1496
"2009","Line_12",7270.6078,0.578944,0.033119,88.8718
"2009","Line_13",6693.2879,0.618688,0.041221,93.5668
"2009","Line_14",6404.6839,0.591171,0.031192,86.6403
"2009","Line_15",7219.5276,0.604634,0.040226,98.9987
"2009","Line_16",6109.3974,0.628067,0.029865,93.9019
"2009","Line_17",6003.5921,0.606845,0.02465,87.627
"2009","Line_18",6611.9039,0.572138,0.03072,85.9136
"2009","Line_19",6865.0396,0.52119,0.034253,83.6057
"2009","Line_20",7049.8165,0.654475,0.013829,91.7342
"2009","Line_21",7523.6478,0.592863,0.057171,86.128
"2009","Line_22",6845.4957,0.619778,0.019528,89.8672
"2009","Line_23",7755.3393,0.610222,0.04895,95.6793
"2009","Line_24",7305.6003,0.612061,0.032751,87.8134
"2009","Line_25",7087.8582,0.637736,0.029215,90.8519
"2009","Line_26",8023.0666,0.629352,0.02871,75.9924
"2009","Line_27",7007.5306,0.641666,0.03892,85.9595
"2009","Line_28",7820.0852,0.631207,0.054764,96.0042
"2009","Line_29",7727.9469,0.643606,0.028153,85.9057
"2009","Line_3",7188.4581,0.634555,0.016559,83.8637
"2009","Line_30",8463.8774,0.635281,0.027554,92.1159
"2009","Line_31",6573.0139,0.592854,0.024534,93.8604
"2009","Line_32",6729.9239,0.620925,0.015961,80.7127
"2009","Line_320",4583.1346,0.583576,0.047542,131.7961
"2009","Line_321",6468.8711,0.618949,0.036355,88.8843
"2009","Line_33",7575.4424,0.58225,0.087778,87.4193
"2009","Line_34",7350.5946,0.602672,0.024794,81.8318
"2009","Line_35",8352.7649,0.625136,0.031504,89.9682
"2009","Line_36",7320.5552,0.616227,0.049283,97.0509
"2009","Line_37",8035.6294,0.638936,0.025995,85.1059
"2009","Line_38",7326.828,0.624362,0.019384,81.7132
"2009","Line_39",6598.2461,0.583948,0.04644,96.8588
"2009","Line_4",7073.4132,0.640534,0.006305,81.3131
"2009","Line_40",6595.9188,0.595528,0.043925,92.9569
"2009","Line_41",7174.2558,0.609786,0.053253,91.2495
"2009","Line_42",6290.7749,0.613842,0.049705,93.0167
"2009","Line_43",7044.3931,0.619901,0.029136,80.1127
"2009","Line_44",7238.1273,0.62549,0.036883,86.2957
"2009","Line_45",8283.848,0.584099,0.023272,91.5964
"2009","Line_46",6520.1657,0.61631,0.033166,93.6006
"2009","Line_47",7630.084,0.597554,0.050953,84.1892
"2009","Line_48",6280.9885,0.565602,0.013979,85.2891
"2009","Line_49",7217.9182,0.608431,0.02248,94.0056
"2009","Line_5",5980.0761,0.63502,0.009239,84.8394
"2009","Line_50",7462.1312,0.617155,0.039156,93.6484
"2009","Line_51",7151.741,0.613722,0.010793,97.6941
"2009","Line_52",7540.4016,0.613302,0.01433,85.6439
"2009","Line_53",6813.6772,0.587745,0.016734,82.5655
"2009","Line_54",7032.0308,0.633709,0.019738,87.4171
"2009","Line_55",7521.9572,0.619095,0.031227,89.2512
"2009","Line_56",8145.0654,0.626643,0.025194,91.252
"2009","Line_57",6876.9166,0.623434,0.046574,90.6534
"2009","Line_58",7206.471,0.613666,0.025534,92.9856
"2009","Line_59",8429.8063,0.463271,0.029434,100.3266
"2009","Line_6",6169.512,0.579086,0.005141,88.1959
"2009","Line_60",7887.4112,0.581287,0.014441,87.648
"2009","Line_61",7123.0806,0.633058,0.018669,93.951
"2009","Line_62",7636.4276,0.552893,0.025143,88.4846
"2009","Line_63",7545.9859,0.589576,0.021377,90.3543
"2009","Line_64",7421.3361,0.589422,0.022586,92.8452
"2009","Line_65",7981.1025,0.620025,0.035333,81.085
"2009","Line_66",7621.525,0.571506,0.028261,88.7517
"2009","Line_67",7434.8251,0.653563,0.01233,85.3873
"2009","Line_68",7275.6093,0.606004,0.023422,84.254
"2009","Line_69",7357.277,0.63219,0.012185,93.7442
"2009","Line_7",6657.9433,0.617207,0.050963,81.9766
"2009","Line_70",7793.042,0.611751,0.023408,89.2451
"2009","Line_71",6791.5668,0.636811,0.011172,85.6483
"2009","Line_72",8193.8768,0.630173,0.021251,95.0944
"2009","Line_73",6487.8611,0.658013,0.015239,89.6793
"2009","Line_74",7831.1455,0.65483,0.012859,97.7036
"2009","Line_75",8341.6258,0.635172,0.031534,85.833
"2009","Line_76",6559.4715,0.643511,0.011501,92.2018
"2009","Line_77",7057.8133,0.644511,0.010354,91.9506
"2009","Line_78",8068.8333,0.624703,0.03494,89.3413
"2009","Line_79",6865.1087,0.61315,0.019201,90.406
"2009","Line_8",7414.7402,0.590282,0.067295,75.8877
"2009","Line_80",5683.2656,0.6354,0.018384,92.8522
"2009","Line_81",6933.8399,0.641233,0.022642,111.6969
"2009","Line_82",5452.1413,0.619789,0.01693,83.7522
"2009","Line_83",6194.9864,0.565477,0.014894,93.4028
"2009","Line_84",6838.9966,0.604609,0.027894,89.8532
"2009","Line_85",9591.0332,0.575975,0.024598,99.4127
"2009","Line_86",7950.0557,0.626471,0.020924,87.139
"2009","Line_87",6895.4771,0.687373,0.015501,80.3115
"2009","Line_88",5308.7432,0.629118,0.017295,92.9639
"2009","Line_89",7306.6192,0.664218,0.015838,87.0164
"2009","Line_9",6957.2246,0.644298,0.02586,80.8201
"2009","Line_90",7854.2829,0.654872,0.015127,82.8827
"2009","Line_91",7725.2751,0.617907,0.013772,82.6487
"2009","Line_92",6305.6177,0.665948,0.016141,94.2897
"2009","Line_93",7036.3154,0.652319,0.015122,96.0442
"2010","Line_10",10010.0275,0.662271,0.025696,82.1783
"2010","Line_100",9060.4725,0.651005,0.005915,84.9191
"2010","Line_101",10215.4953,0.626769,0.026415,82.4191
"2010","Line_102",10910.2365,0.620542,0.042915,87.4191
"2010","Line_103",10080.4893,0.64084,0.002915,85.9191
"2010","Line_104",10848.8823,0.674832,0.015415,90.4191
"2010","Line_105",10982.4522,0.622999,0.016915,86.9191
"2010","Line_106",9891.2393,0.625615,0.009915,84.4191
"2010","Line_107",10558.7472,0.660375,0.037415,80.069
"2010","Line_108",9788.461,0.644628,0.026415,90.069
"2010","Line_109",10366.7138,0.652926,0.038415,82.569
"2010","Line_11",9685.8644,0.664414,0.030696,77.1783
"2010","Line_110",9970.6562,0.658976,0.013915,85.069
"2010","Line_111",10610.1068,0.648918,0.040415,83.069
"2010","Line_112",11714.1767,0.642085,0.037415,87.569
"2010","Line_113",9946.0945,0.657563,0.004415,83.569
"2010","Line_114",10713.466,0.649345,0.030915,88.069
"2010","Line_115",10341.7785,0.670432,0.014915,83.069
"2010","Line_116",10245.4831,0.652657,0.035915,82.2601
"2010","Line_117",9610.5333,0.635441,0.016415,93.2601
"2010","Line_118",9352.2471,0.667193,0.034415,85.2601
"2010","Line_119",10351.9423,0.661542,0.019915,87.7601
"2010","Line_12",11189.4751,0.580516,0.066115,88.8848
"2010","Line_120",9600.8929,0.664984,0.010415,83.2601
"2010","Line_121",10268.3806,0.653129,0.050415,84.2601
"2010","Line_122",9935.3638,0.673734,0.020499,89.8377
"2010","Line_123",8475.3695,0.642892,0.012999,83.3377
"2010","Line_124",8798.2739,0.66362,0.011814,84.7579
"2010","Line_125",10366.8285,0.659669,0.011999,84.8377
"2010","Line_126",11242.709,0.667769,0.024499,81.2687
"2010","Line_127",10869.2315,0.662623,0.018499,86.2579
"2010","Line_128",10809.1103,0.671677,0.010499,87.5844
"2010","Line_129",10094.516,0.659483,0.017999,84.0952
"2010","Line_13",9713.1027,0.616043,0.066115,80.3981
"2010","Line_130",8902.9962,0.654144,0.017999,82.5952
"2010","Line_131",11382.2248,0.639839,0.034499,82.5952
"2010","Line_132",10309.4399,0.636747,0.036499,86.1642
"2010","Line_133",10976.3421,0.606951,0.041999,88.745
"2010","Line_134",10234.4796,0.631867,0.014999,81.3248
"2010","Line_135",11422.175,0.635153,0.024499,84.2558
"2010","Line_136",11204.0065,0.611994,0.030499,82.8248
"2010","Line_137",11457.0443,0.592978,0.031499,76.7756
"2010","Line_138",11030.9832,0.666485,0.017499,86.9055
"2010","Line_139",10051.5167,0.654252,0.018499,83.9163
"2010","Line_14",10826.173,0.600939,0.036781,86.2446
"2010","Line_140",10667.5306,0.662935,0.028499,87.9055
"2010","Line_141",10051.958,0.651731,0.022999,82.9163
"2010","Line_142",10395.4258,0.675212,0.008499,89.9853
"2010","Line_143",10792.8815,0.670656,0.015499,80.4163
"2010","Line_144",10490.1308,0.63305,0.018189,83.6537
"2010","Line_145",11663.7075,0.641681,0.025189,80.6339
"2010","Line_146",10821.2142,0.629946,0.025189,75.1231
"2010","Line_147",10694.8411,0.641176,0.020689,90.1231
"2010","Line_148",10265.7394,0.642128,0.020689,76.2029
"2010","Line_149",11029.1207,0.628029,0.025689,90.1231
"2010","Line_15",10088.6797,0.610285,0.056781,88.4245
"2010","Line_150",11545.2771,0.6299,0.037689,77.4496
"2010","Line_151",12001.6023,0.59628,0.044689,82.0294
"2010","Line_152",11279.8886,0.665485,0.019189,67.4496
"2010","Line_153",12299.8199,0.605861,0.047689,74.9496
"2010","Line_154",11401.1409,0.645405,0.054189,76.4603
"2010","Line_155",12266.6036,0.606353,0.028689,72.4603
"2010","Line_156",12640.5566,0.600755,0.035189,78.9802
"2010","Line_157",12838.164,0.572282,0.036689,79.6408
"2010","Line_158",11820.8379,0.631035,0.041689,80.69
"2010","Line_159",12820.0513,0.6535,0.042689,80.1102
"2010","Line_16",10196.7997,0.635626,0.048115,87.7579
"2010","Line_160",12617.7281,0.631284,0.050689,79.1408
"2010","Line_161",11681.51,0.651477,0.033689,76.621
"2010","Line_162",11711.5166,0.66063,0.027189,77.121
"2010","Line_163",11556.1321,0.600056,0.055689,85.6408
"2010","Line_164",12392.0301,0.63362,0.034189,76.1408
"2010","Line_165",13792.4323,0.615979,0.050689,76.1408
"2010","Line_166",13239.897,0.614683,0.053689,76.6408
"2010","Line_167",11711.8745,0.615217,0.034689,84.6408
"2010","Line_168",11237.6755,0.617345,0.038689,87.2707
"2010","Line_169",11253.3551,0.608397,0.042189,88.3505
"2010","Line_17",10320.9459,0.617597,0.038781,89.9112
"2010","Line_170",12163.075,0.62638,0.037689,80.2707
"2010","Line_171",11353.6949,0.664321,0.022189,77.2815
"2010","Line_172",11161.6698,0.66689,0.023248,78.6057
"2010","Line_173",10576.8365,0.668837,0.019748,82.1747
"2010","Line_174",10786.5721,0.617002,0.022248,79.6255
"2010","Line_175",11304.2605,0.649874,0.030248,82.6057
"2010","Line_176",10646.9874,0.648776,0.020748,79.6747
"2010","Line_177",11723.1365,0.641068,0.031748,78.1057
"2010","Line_178",10756.2785,0.687418,0.016748,78.9215
"2010","Line_179",10538.5014,0.646125,0.030248,78.452
"2010","Line_18",9721.7293,0.624864,0.038781,82.9112
"2010","Line_180",11174.4762,0.668551,0.016248,82.4322
"2010","Line_181",10813.7654,0.667833,0.020248,79.4322
"2010","Line_182",10182.7909,0.626851,0.013748,78.9322
"2010","Line_183",10011.0096,0.659269,0.015748,80.0012
"2010","Line_184",9975.7705,0.662285,0.018248,82.6618
"2010","Line_185",10092.1904,0.669993,0.015248,82.1126
"2010","Line_186",9714.4552,0.649167,0.032248,84.5928
"2010","Line_187",10458.334,0.656532,0.021248,81.0928
"2010","Line_188",10046.0452,0.66617,0.026248,84.6126
"2010","Line_189",10153.6384,0.668345,0.016248,81.1126
"2010","Line_19",11258.8971,0.574568,0.006115,79.8848
"2010","Line_190",10243.4096,0.645106,0.019748,81.1618
"2010","Line_191",10000.3575,0.649881,0.019748,83.7426
"2010","Line_192",9964.1677,0.64824,0.019748,73.7533
"2010","Line_193",10464.2587,0.647024,0.029748,85.2426
"2010","Line_20",9365.4587,0.673932,0.028781,84.4132
"2010","Line_21",10298.9673,0.583741,0.086781,85.9112
"2010","Line_22",9711.2421,0.614254,0.011051,79.0694
"2010","Line_221",11687.0178,0.663808,0.024955,81.2211
"2010","Line_222",10657.1405,0.672472,0.012455,75.1251
"2010","Line_223",12063.1324,0.660467,0.020955,69.4476
"2010","Line_224",11064.2833,0.684249,0.024955,79.4476
"2010","Line_225",10704.8948,0.643213,0.014455,76.1251
"2010","Line_226",11470.3151,0.67144,0.029955,78.7006
"2010","Line_227",10928.0537,0.659627,0.018955,84.2211
"2010","Line_228",11185.1023,0.674193,0.015955,79.6251
"2010","Line_229",12429.5774,0.613514,0.036455,77.7211
"2010","Line_23",10963.9896,0.581931,0.065717,84.7625
"2010","Line_230",12403.3158,0.62787,0.037455,77.2211
"2010","Line_231",10488.1904,0.644576,0.027955,79.1214
"2010","Line_232",10612.0067,0.654206,0.023455,78.7174
"2010","Line_233",11812.1023,0.65389,0.022455,75.4439
"2010","Line_234",11664.2984,0.661159,0.029955,84.7174
"2010","Line_235",12072.6286,0.614214,0.035455,81.1703
"2010","Line_236",11220.4988,0.632871,0.026955,92.5949
"2010","Line_237",11633.4268,0.653959,0.017955,80.5949
"2010","Line_238",11432.1775,0.659572,0.022955,81.9174
"2010","Line_239",12336.8962,0.610938,0.037455,77.6703
"2010","Line_24",10689.0785,0.63206,0.028384,83.7625
"2010","Line_240",10917.8389,0.665749,0.019455,87.3307
"2010","Line_241",12165.9093,0.604815,0.050631,86.193
"2010","Line_242",10813.1017,0.667842,0.039631,83.193
"2010","Line_243",10101.9441,0.632339,0.032131,82.1724
"2010","Line_244",11144.6752,0.608483,0.046131,82.097
"2010","Line_245",11927.7366,0.629844,0.030131,73.9195
"2010","Line_246",11577.5677,0.625719,0.040631,77.1724
"2010","Line_247",12120.2612,0.601902,0.054131,80.097
"2010","Line_248",12527.5149,0.679848,0.019131,89.693
"2010","Line_249",11860.8139,0.633926,0.032631,84.193
"2010","Line_25",10988.9078,0.64873,0.040717,85.4027
"2010","Line_250",12271.7093,0.662512,0.019131,82.193
"2010","Line_251",11727.7538,0.670484,0.023631,86.5933
"2010","Line_252",10133.5164,0.600562,0.031631,85.5933
"2010","Line_253",12114.5876,0.615739,0.037131,79.6893
"2010","Line_254",10048.5231,0.666293,0.014131,80.6422
"2010","Line_255",9373.9217,0.652546,0.009631,82.5668
"2010","Line_256",10704.5487,0.698042,0.014921,77.1422
"2010","Line_257",10280.6008,0.692294,0.022631,81.8893
"2010","Line_258",11982.9302,0.578184,0.031631,82.1422
"2010","Line_259",9636.8896,0.686812,0.012631,79.6628
"2010","Line_26",11003.7779,0.663446,0.032717,79.2758
"2010","Line_260",10245.2816,0.676452,0.026342,83.6422
"2010","Line_261",11025.3415,0.677452,0.022631,77.0668
"2010","Line_262",11308.7319,0.622546,0.032131,84.782
"2010","Line_263",9888.1704,0.623024,0.036131,80.5291
"2010","Line_264",9005.5522,0.636562,0.015631,83.7066
"2010","Line_265",10435.3649,0.634585,0.026131,84.5291
"2010","Line_266",8466.5525,0.626002,0.010631,84.7066
"2010","Line_267",9943.6853,0.668647,0.016026,83.4897
"2010","Line_268",9847.7918,0.601727,0.018026,82.4892
"2010","Line_269",9037.583,0.654994,0.015026,79.5186
"2010","Line_27",10369.9615,0.676349,0.008717,84.916
"2010","Line_270",10029.3754,0.661717,0.030026,79.9892
"2010","Line_271",10327.755,0.621471,0.018026,80.2873
"2010","Line_272",9190.2198,0.635325,0.013526,78.2873
"2010","Line_273",9538.0243,0.665824,0.017026,80.4897
"2010","Line_274",9665.2093,0.644092,0.016526,74.9897
"2010","Line_275",9546.1418,0.647224,0.019526,75.9897
"2010","Line_276",9451.1315,0.678014,0.016026,80.5572
"2010","Line_277",9401.0214,0.672916,0.017526,77.0572
"2010","Line_278",9789.0748,0.679411,0.015526,78.7596
"2010","Line_279",10600.1108,0.654061,0.032026,80.7596
"2010","Line_28",9984.7329,0.666107,0.015051,92.2494
"2010","Line_280",11336.8526,0.56122,0.055526,80.2596
"2010","Line_281",11500.6121,0.605638,0.035526,74.7886
"2010","Line_282",10342.2755,0.644005,0.021026,87.7592
"2010","Line_283",9741.3222,0.659093,0.020526,91.9395
"2010","Line_284",11205.8869,0.652534,0.020526,86.9689
"2010","Line_285",11300.0744,0.65532,0.036026,76.2376
"2010","Line_286",11013.926,0.670614,0.022526,84.94
"2010","Line_287",10792.3568,0.657456,0.019026,82.9395
"2010","Line_288",9885.0572,0.65227,0.015526,78.2376
"2010","Line_289",9888.0828,0.680077,0.019526,76.9293
"2010","Line_29",10107.2942,0.667642,0.007051,83.0694
"2010","Line_290",10851.7248,0.648815,0.022526,80.4293
"2010","Line_291",10174.4202,0.656715,0.026526,83.198
"2010","Line_292",9370.3419,0.672511,0.017526,82.4004
"2010","Line_293",9459.3174,0.68262,0.021026,74.4293
"2010","Line_294",11361.2355,0.649646,0.022526,75.698
"2010","Line_295",10687.2238,0.625523,0.036277,80.1131
"2010","Line_296",11264.5974,0.643725,0.025777,77.6131
"2010","Line_297",10049.0619,0.662888,0.033777,86.6131
"2010","Line_298",9964.8749,0.593906,0.037777,84.1131
"2010","Line_299",11416.5225,0.656088,0.038277,81.1131
"2010","Line_3",10619.581,0.667647,0.046157,75.7134
"2010","Line_30",10220.7579,0.663982,0.026717,86.7625
"2010","Line_300",9581.4266,0.617919,0.032277,84.1131
"2010","Line_301",9960.476,0.609117,0.032777,81.0854
"2010","Line_302",10795.8916,0.627501,0.042777,81.5854
"2010","Line_303",10240.7652,0.625703,0.025277,79.0854
"2010","Line_304",9202.2297,0.623866,0.023277,79.0854
"2010","Line_305",10579.2617,0.653708,0.035777,84.5854
"2010","Line_306",11109.053,0.629889,0.040277,81.0854
"2010","Line_307",11034.0427,0.658885,0.037277,83.5854
"2010","Line_308",10035.7711,0.597509,0.041777,81.5854
"2010","Line_309",11565.9708,0.588981,0.023277,79.5854
"2010","Line_31",8934.7256,0.608423,0.031717,85.2494
"2010","Line_310",10702.9069,0.638769,0.055777,76.2947
"2010","Line_311",10644.8966,0.623764,0.028277,82.7947
"2010","Line_312",9850.7135,0.619833,0.033777,80.7257
"2010","Line_313",9342.5621,0.56258,0.038277,87.2257
"2010","Line_314",9502.3645,0.656216,0.045277,90.7257
"2010","Line_315",10010.0929,0.609841,0.018777,88.2257
"2010","Line_316",10139.6459,0.605037,0.024277,89.7257
"2010","Line_317",9127.8092,0.615179,0.012975,82.3667
"2010","Line_318",9474.9678,0.615699,0.030475,87.8451
"2010","Line_319",8637.2969,0.617291,0.010475,82.5471
"2010","Line_32",10465.7568,0.62253,0.038717,77.7625
"2010","Line_320",6411.8533,0.658227,0.075413,133.6664
"2010","Line_321",11030.5283,0.644152,0.029306,83.1933
"2010","Line_33",12269.7772,0.607463,0.103384,86.5713
"2010","Line_34",10377.7632,0.625678,0.069717,78.0846
"2010","Line_35",11272.6215,0.657713,0.027384,86.238
"2010","Line_36",11046.3841,0.632621,0.045717,93.111
"2010","Line_37",10704.002,0.642727,0.038051,77.111
"2010","Line_38",9554.4356,0.649516,0.022157,82.1132
"2010","Line_39",10029.1391,0.648231,0.019157,90.5398
"2010","Line_4",10785.1131,0.672363,0.03849,76.8066
"2010","Line_40",10022.329,0.633912,0.076824,90.1424
"2010","Line_41",10165.5989,0.651842,0.094157,83.0492
"2010","Line_42",9655.0976,0.660524,0.047824,86.8091
"2010","Line_43",10504.4198,0.653124,0.060728,81.6276
"2010","Line_44",10803.9598,0.611498,0.037228,90.0478
"2010","Line_45",9402.5204,0.614239,0.042728,83.1276
"2010","Line_46",10810.0056,0.644393,0.038228,86.4049
"2010","Line_47",10521.6147,0.627414,0.047728,82.5586
"2010","Line_48",11144.0506,0.621575,0.036728,80.4541
"2010","Line_49",9722.4824,0.638262,0.019228,87.4541
"2010","Line_5",10216.5436,0.63595,0.017824,79.14
"2010","Line_50",11594.6032,0.654374,0.019728,86.3743
"2010","Line_51",10681.9963,0.650273,0.016228,89.4541
"2010","Line_52",10191.3924,0.655486,0.013228,86.385
"2010","Line_53",10756.0347,0.655068,0.021728,79.3743
"2010","Line_54",10007.9527,0.648492,0.026728,88.4049
"2010","Line_55",10552.9297,0.649943,0.014728,86.5457
"2010","Line_56",10494.9614,0.664524,0.014728,86.5655
"2010","Line_57",11472.6534,0.643235,0.053728,82.5655
"2010","Line_58",11209.4647,0.641009,0.019228,87.1147
"2010","Line_59",10404.9929,0.617774,0.021228,91.0457
"2010","Line_6",10140.2319,0.629253,0.01649,79.4733
"2010","Line_60",9858.2303,0.641449,0.013728,84.5457
"2010","Line_61",9788.2262,0.659853,0.054228,87.6954
"2010","Line_62",11730.6934,0.642587,0.030228,94.5349
"2010","Line_63",11331.338,0.635858,0.052728,86.0349
"2010","Line_64",8159.4427,0.62055,0.018728,86.1954
"2010","Line_65",7799.1931,0.609644,0.037728,86.6954
"2010","Line_66",9354.4349,0.620051,0.039228,90.7062
"2010","Line_67",10979.969,0.645874,0.024228,85.1954
"2010","Line_68",9645.9681,0.66282,0.023413,82.008
"2010","Line_69",9304.8201,0.660128,0.013413,85.0878
"2010","Line_7",10973.2527,0.649358,0.046157,79.4441
"2010","Line_70",9607.1236,0.647796,0.018413,90.0878
"2010","Line_71",9625.2148,0.67427,0.008413,84.0878
"2010","Line_72",9070.2301,0.664175,0.020413,90.508
"2010","Line_73",9505.2017,0.665185,0.010913,87.3452
"2010","Line_74",9151.5633,0.643661,0.021413,86.508
"2010","Line_75",9268.4797,0.672046,0.043413,84.9143
"2010","Line_76",9702.3311,0.650747,0.006413,88.3452
"2010","Line_77",10665.509,0.671475,0.007913,83.9143
"2010","Line_78",9058.8307,0.648887,0.035413,83.3651
"2010","Line_79",9855.0537,0.677827,0.006413,88.3651
"2010","Line_8",10163.2919,0.636604,0.053824,72.1132
"2010","Line_80",9925.249,0.659481,0.019913,85.5059
"2010","Line_81",8995.238,0.574546,0.122413,106.0257
"2010","Line_82",8737.7173,0.624095,0.049413,83.4951
"2010","Line_83",9187.7262,0.659737,0.019413,88.5257
"2010","Line_84",9823.0314,0.629976,0.054413,92.5749
"2010","Line_85",9935.8079,0.602839,0.056413,91.5257
"2010","Line_86",10093.2454,0.651907,0.020413,86.0749
"2010","Line_87",9361.0596,0.672601,0.015413,81.1556
"2010","Line_88",9484.6983,0.667442,0.012913,84.6556
"2010","Line_89",9425.8615,0.652671,0.012413,86.6556
"2010","Line_9",10561.241,0.645714,0.022157,80.1108
"2010","Line_90",9085.7436,0.661795,0.014913,85.7354
"2010","Line_91",9129.6505,0.662624,0.010913,83.2354
"2010","Line_92",10030.5626,0.675599,0.010413,89.2354
"2010","Line_93",9265.208,0.683562,0.005413,92.7354
"2010","Line_94",9747.7645,0.646323,0.022415,84.6617
"2010","Line_95",9781.7372,0.647302,0.056415,82.6617
"2010","Line_96",9534.6735,0.655424,0.018415,83.6617
"2010","Line_97",11186.694,0.631032,0.014415,82.1617
"2010","Line_98",10423.9834,0.656793,0.002415,92.6617
"2010","Line_99",9778.161,0.654542,0.024415,82.4191
"2011","Line_1",8109.4877,0.639955,0.09413,82.7528
"2011","Line_10",8585.4666,0.646382,0.091926,83.2461
"2011","Line_100",6671.372,0.664965,0.027604,86.6978
"2011","Line_101",7729.1118,0.665539,0.032203,84.9905
"2011","Line_102",7827.6712,0.667227,0.10181,92.6106
"2011","Line_103",8017.7638,0.663727,0.029581,91.6079
"2011","Line_104",8302.8902,0.665096,0.052076,88.0085
"2011","Line_105",8998.6472,0.637298,0.05468,91.7579
"2011","Line_106",5728.567,0.655933,0.044175,84.2006
"2011","Line_107",8385.464,0.615283,0.130863,94.7963
"2011","Line_108",8207.6991,0.629732,0.056188,96.275
"2011","Line_109",6089.1281,0.600854,0.134237,88.8207
"2011","Line_11",7493.3703,0.66224,0.0939,81.3987
"2011","Line_110",6731.9471,0.563005,0.288542,90.2815
"2011","Line_111",7068.5069,0.612096,0.170005,88.9215
"2011","Line_112",7874.4297,0.607858,0.120705,96.6731
"2011","Line_113",7211.352,0.662355,0.086801,87.8875
"2011","Line_114",5048.9136,0.581768,0.123504,94.3664
"2011","Line_115",6108.5873,0.645877,0.0428,91.2535
"2011","Line_116",7061.3169,0.673904,0.031203,82.8388
"2011","Line_117",7064.222,0.659038,0.007264,88.4346
"2011","Line_118",6507.8418,0.675216,0.043229,85.7942
"2011","Line_119",7207.2887,0.668841,0.068625,86.7364
"2011","Line_12",8660.3498,0.606028,0.074497,90.7507
"2011","Line_120",7012.6095,0.657688,0.068683,81.8022
"2011","Line_121",6388.8209,0.667795,0.049122,90.9052
"2011","Line_122",7040.1503,0.642992,0.100389,87.4251
"2011","Line_124",7957.8487,0.638575,0.060091,86.1641
"2011","Line_125",7262.1743,0.627369,0.055368,79.1988
"2011","Line_126",7848.0953,0.647441,0.081069,86.1926
"2011","Line_127",8801.6345,0.664101,0.059878,90.1701
"2011","Line_128",7486.0825,0.639571,0.068959,86.6519
"2011","Line_129",5761.4781,0.640618,0.062158,82.6039
"2011","Line_13",7559.9845,0.652685,0.126278,95.1753
"2011","Line_131",8648.3318,0.601394,0.124718,86.8138
"2011","Line_132",9571.5838,0.659318,0.06091,91.4077
"2011","Line_133",8076.2207,0.602087,0.055022,94.7686
"2011","Line_134",8268.9392,0.625151,0.024009,88.4312
"2011","Line_135",8418.1261,0.671494,0.038146,87.2472
"2011","Line_136",8984.4986,0.56039,0.124317,88.7531
"2011","Line_137",8169.0058,0.538647,0.059381,74.6847
"2011","Line_138",7569.3967,0.663164,0.022339,88.2039
"2011","Line_139",8655.1249,0.644554,0.041614,90.1833
"2011","Line_14",7130.0552,0.616423,0.126238,87.6384
"2011","Line_140",7306.2535,0.637378,0.106597,91.194
"2011","Line_141",8856.4054,0.658455,0.068296,92.94
"2011","Line_142",6772.4393,0.675833,0.002007,94.7528
"2011","Line_143",7765.305,0.681845,0.031036,85.2194
"2011","Line_144",5802.7044,0.61473,0.085625,89.118
"2011","Line_145",7858.2401,0.618167,0.09009,85.2965
"2011","Line_146",8320.3241,0.634538,0.078324,83.1446
"2011","Line_147",7739.7584,0.616023,0.052863,93.4098
"2011","Line_148",6536.6133,0.639035,0.080004,80.8032
"2011","Line_149",7691.9737,0.637439,0.117203,96.2589
"2011","Line_15",8195.2181,0.62811,0.119955,91.6539
"2011","Line_150",9750.9628,0.644681,0.144509,83.6062
"2011","Line_151",9548.218,0.601185,0.188555,91.3832
"2011","Line_152",7587.9335,0.631265,0.074887,76.5152
"2011","Line_153",7718.5329,0.610794,0.258079,82.35
"2011","Line_154",7906.7736,0.618275,0.223888,82.5897
"2011","Line_155",8561.7394,0.624338,0.126998,81.2361
"2011","Line_156",7519.3112,0.604012,0.149813,82.6801
"2011","Line_157",7431.7494,0.577316,0.151573,82.3858
"2011","Line_158",7403.2867,0.64588,0.146689,82.579
"2011","Line_159",9190.3505,0.652134,0.174405,89.6881
"2011","Line_16",8369.7767,0.636715,0.10848,86.9442
"2011","Line_160",9117.0972,0.639236,0.229818,83.2283
"2011","Line_161",7716.8344,0.618688,0.166518,84.1108
"2011","Line_162",7451.9783,0.651174,0.087796,87.9809
"2011","Line_163",8460.8248,0.593497,0.23149,83.6705
"2011","Line_164",7984.7685,0.622067,0.127683,85.2877
"2011","Line_165",9397.8382,0.605366,0.202903,82.7711
"2011","Line_166",8874.4716,0.599,0.193509,80.2572
"2011","Line_167",6355.9562,0.608683,0.150905,90.5293
"2011","Line_168",7694.899,0.608559,0.150764,92.7102
"2011","Line_169",7652.3604,0.613382,0.172776,92.2216
"2011","Line_17",9388.0513,0.634061,0.143684,85.1726
"2011","Line_170",7844.8229,0.612925,0.214872,82.5828
"2011","Line_171",7046.8472,0.670897,0.078937,86.1722
"2011","Line_172",7790.8561,0.667979,0.052069,83.6757
"2011","Line_173",7798.872,0.675991,0.032611,87.2823
"2011","Line_174",8436.6882,0.65076,0.064063,88.1388
"2011","Line_175",8198.2396,0.666537,0.047293,88.4641
"2011","Line_176",8494.5499,0.639783,0.056785,82.2243
"2011","Line_177",8206.5486,0.652595,0.174253,83.5884
"2011","Line_178",7856.7674,0.683271,0.074395,82.6058
"2011","Line_179",7992.2033,0.682883,0.056007,85.3031
"2011","Line_18",7629.6917,0.611387,0.11226,88.2129
"2011","Line_180",7157.6357,0.662961,0.054498,88.216
"2011","Line_181",7183.3755,0.64742,0.055507,82.3385
"2011","Line_182",7218.3557,0.64578,0.012875,80.5406
"2011","Line_183",7068.7542,0.652511,0.009959,84.2924
"2011","Line_184",7306.1971,0.646173,0.060007,88.7332
"2011","Line_185",7334.848,0.64453,0.00325,87.1537
"2011","Line_186",6596.4927,0.640812,0.118304,85.1402
"2011","Line_187",8444.9996,0.645737,0.016443,80.4761
"2011","Line_188",7463.1109,0.689479,0.032926,88.6922
"2011","Line_189",7462.9771,0.66585,0.038341,89.3436
"2011","Line_19",7913.1445,0.587174,0.059681,92.0707
"2011","Line_190",6223.7984,0.626214,0.078097,89.1235
"2011","Line_191",6468.5771,0.641554,0.069889,88.0834
"2011","Line_192",7606.4781,0.662556,0.039036,80.2155
"2011","Line_193",7046.5903,0.629276,0.071528,84.5078
"2011","Line_194",7679.9796,0.681224,0.040464,80.6183
"2011","Line_195",7517.9459,0.628228,0.04069,83.2679
"2011","Line_196",7254.7429,0.693105,0.046382,84.9272
"2011","Line_197",7387.5946,0.667564,0.043661,81.0053
"2011","Line_198",7383.1522,0.670887,0.051559,80.377
"2011","Line_199",8268.9953,0.653229,0.071559,84.8277
"2011","Line_20",8455.4482,0.693563,0.052538,94.8808
"2011","Line_200",6709.1861,0.663781,0.100161,86.3359
"2011","Line_201",8441.3786,0.674109,0.012221,85.9406
"2011","Line_202",6619.121,0.699435,0.021065,91.6259
"2011","Line_203",7378.4347,0.642782,0.075484,84.5942
"2011","Line_204",7696.0551,0.630325,0.08673,83.1535
"2011","Line_205",7584.9602,0.644488,0.024371,79.8764
"2011","Line_206",8689.2463,0.659974,0.050294,79.2606
"2011","Line_207",7985.1146,0.654764,0.065719,82.9923
"2011","Line_208",7967.4628,0.658489,0.126392,84.1668
"2011","Line_209",7283.23,0.666524,0.06669,93.2144
"2011","Line_21",8351.6071,0.61606,0.135219,91.0937
"2011","Line_210",7833.5843,0.657479,0.043614,84.0485
"2011","Line_211",7403.9396,0.679414,0.048534,81.141
"2011","Line_212",8326.2026,0.653869,0.070585,86.0016
"2011","Line_213",8108.5586,0.694536,0.025237,85.5527
"2011","Line_214",6608.3787,0.669826,0.03925,81.2023
"2011","Line_215",7825.8476,0.639681,0.070227,81.7532
"2011","Line_216",7731.3272,0.698182,0.028995,83.7501
"2011","Line_217",6493.7452,0.708596,0.020651,88.0292
"2011","Line_218",8362.1072,0.662403,0.052578,86.5944
"2011","Line_219",7046.8143,0.653843,0.062491,79.8522
"2011","Line_22",7168.8068,0.621534,0.115981,81.1539
"2011","Line_220",7835.8576,0.680335,0.035754,84.7352
"2011","Line_221",8121.3881,0.656784,0.040353,83.0438
"2011","Line_222",7429.0824,0.64277,0.012322,78.5792
"2011","Line_223",8077.4114,0.656786,0.034353,74.5434
"2011","Line_224",7997.1872,0.697084,0.037469,79.1619
"2011","Line_225",7615.889,0.654302,0.066382,80.1421
"2011","Line_226",9160.3625,0.674369,0.102004,85.1938
"2011","Line_227",7683.6394,0.671648,0.036221,80.9236
"2011","Line_228",7749.8408,0.669007,0.070078,85.3604
"2011","Line_229",8874.8507,0.613999,0.055229,80.142
"2011","Line_23",7932.6046,0.665717,0.081067,88.7863
"2011","Line_230",8637.5784,0.646593,0.19875,75.6391
"2011","Line_231",7789.1657,0.608629,0.052085,82.3901
"2011","Line_232",9070.0868,0.680862,0.070314,84.3807
"2011","Line_233",7374.0114,0.682214,0.032392,77.4401
"2011","Line_234",9241.6378,0.664608,0.071323,86.6648
"2011","Line_235",8650.5741,0.64527,0.067822,81.0785
"2011","Line_236",9109.0903,0.682029,0.033418,88.3051
"2011","Line_237",7769.8961,0.67281,0.009212,83.3726
"2011","Line_238",7747.7337,0.642074,0.074361,81.7366
"2011","Line_239",8238.1448,0.619009,0.099254,84.7231
"2011","Line_24",7333.2715,0.682143,0.083721,86.3412
"2011","Line_240",6846.9994,0.654281,0.03341,80.9256
"2011","Line_241",8883.8027,0.645293,0.154132,85.1096
"2011","Line_242",9007.464,0.654234,0.21034,84.1028
"2011","Line_243",10295.4326,0.625783,0.152364,89.6584
"2011","Line_244",8853.148,0.595957,0.218271,82.8705
"2011","Line_245",9039.6616,0.603225,0.167663,84.8319
"2011","Line_246",9508.3069,0.609861,0.173546,87.0612
"2011","Line_247",9530.84,0.616751,0.178864,83.4484
"2011","Line_248",8631.0115,0.677903,0.084892,88.8294
"2011","Line_249",9356.8162,0.644772,0.159756,89.0231
"2011","Line_25",7388.6983,0.664574,0.069073,81.9985
"2011","Line_250",8945.2377,0.663591,0.128604,86.0358
"2011","Line_251",8973.2017,0.644896,0.152764,90.6084
"2011","Line_252",8064.8998,0.614595,0.173241,88.6479
"2011","Line_253",8809.3852,0.618588,0.165236,87.4044
"2011","Line_254",8137.0867,0.644516,0.113982,83.206
"2011","Line_255",7955.9667,0.632942,0.07024,89.2359
"2011","Line_256",8146.3105,0.674997,0.09933,81.2297
"2011","Line_257",8653.8114,0.663061,0.10892,80.4193
"2011","Line_258",9438.9061,0.693148,0.099364,82.6535
"2011","Line_259",7993.2822,0.660778,0.067972,84.4051
"2011","Line_26",7765.8425,0.680291,0.076663,84.0864
"2011","Line_260",8434.6891,0.660573,0.118873,83.7425
"2011","Line_261",8522.8893,0.690519,0.150419,87.3461
"2011","Line_262",9124.8657,0.642285,0.099821,85.1953
"2011","Line_263",9378.396,0.640788,0.118194,84.5408
"2011","Line_264",8516.3313,0.648821,0.113336,90.9046
"2011","Line_265",8122.6844,0.635902,0.13274,89.9898
"2011","Line_266",7795.2493,0.566476,0.072765,90.9887
"2011","Line_267",7685.2498,0.650588,0.046835,89.9648
"2011","Line_268",8434.1025,0.617066,0.072808,81.6926
"2011","Line_27",7726.3425,0.650845,0.140722,86.8089
"2011","Line_270",7313.9146,0.667465,0.081259,73.5163
"2011","Line_271",8089.9456,0.67084,0.057468,81.1877
"2011","Line_272",7912.9834,0.665127,0.018529,79.8456
"2011","Line_273",7910.8299,0.645968,0.107236,84.1719
"2011","Line_274",7825.3365,0.629636,0.068661,79.82
"2011","Line_275",7879.3197,0.619398,0.084418,78.2253
"2011","Line_276",8406.3241,0.646276,0.069269,84.0899
"2011","Line_277",7692.2521,0.650014,0.059865,77.9193
"2011","Line_278",7825.7903,0.654655,0.073,87.4109
"2011","Line_279",8211.2571,0.659147,0.160693,87.2573
"2011","Line_28",7653.6138,0.672338,0.083994,90.7113
"2011","Line_280",10270.9638,0.614305,0.198263,87.4613
"2011","Line_281",8102.2891,0.603942,0.145033,86.0661
"2011","Line_282",7821.8814,0.674701,0.036369,88.2329
"2011","Line_283",7694.7521,0.665014,0.032365,94.9193
"2011","Line_284",7801.7193,0.631854,0.047312,88.1093
"2011","Line_285",9554.0457,0.700171,0.098236,86.2254
"2011","Line_286",8755.6652,0.694571,0.092632,86.1543
"2011","Line_287",8193.0156,0.704141,0.067831,86.9592
"2011","Line_288",8010.2577,0.692525,0.032693,81.5337
"2011","Line_289",8007.073,0.701637,0.071304,87.7264
"2011","Line_29",7655.6483,0.676275,0.095699,87.485
"2011","Line_290",8783.5126,0.706402,0.056407,85.3039
"2011","Line_291",8721.6784,0.701029,0.07721,87.5413
"2011","Line_292",6677.1963,0.705293,0.059942,89.3473
"2011","Line_293",7358.2218,0.707931,0.040321,74.8526
"2011","Line_294",8820.2043,0.685861,0.054561,76.185
"2011","Line_295",7514.4124,0.632959,0.090349,94.3286
"2011","Line_296",6073.9328,0.645472,0.069029,88.6715
"2011","Line_297",5998.251,0.63788,0.081786,88.2674
"2011","Line_298",7029.3316,0.682308,0.078159,87.9034
"2011","Line_299",8617.5992,0.674628,0.136042,88.2558
"2011","Line_3",7031.4336,0.679538,0.0928,89.192
"2011","Line_30",8023.0577,0.67656,0.073776,87.3033
"2011","Line_300",7753.2167,0.681771,0.069157,94.8803
"2011","Line_301",9149.1511,0.660573,0.142979,96.3942
"2011","Line_302",7965.3325,0.654861,0.159505,94.8305
"2011","Line_303",6581.2188,0.587571,0.091786,85.3291
"2011","Line_304",7685.0064,0.661974,0.202115,90.3142
"2011","Line_305",8662.6849,0.662178,0.098271,86.364
"2011","Line_306",8990.5856,0.631638,0.048957,87.8433
"2011","Line_307",7556.5554,0.647693,0.141907,88.4906
"2011","Line_308",7729.5002,0.618052,0.187737,94.8754
"2011","Line_309",9025.7946,0.712014,0.111843,86.9348
"2011","Line_31",8649.3636,0.650846,0.094083,87.8408
"2011","Line_310",8218.9978,0.64261,0.094987,79.0338
"2011","Line_311",7281.8373,0.632241,0.172153,91.3579
"2011","Line_312",7274.3682,0.648803,0.086961,89.6024
"2011","Line_313",6204.5002,0.608552,0.114237,96.3754
"2011","Line_314",8153.0716,0.653983,0.147456,98.0013
"2011","Line_315",6347.2488,0.632118,0.108566,95.4318
"2011","Line_316",7131.9178,0.618677,0.083723,94.0659
"2011","Line_317",7669.9476,0.631531,0.11182,89.7639
"2011","Line_318",7172.0214,0.612835,0.142052,90.2008
"2011","Line_319",7563.5458,0.618574,0.125736,94.8083
"2011","Line_32",7712.0189,0.662639,0.084406,81.3507
"2011","Line_320",7264.4336,0.667783,0.117528,122.2963
"2011","Line_321",7438.6742,0.641997,0.125447,86.208
"2011","Line_33",8500.5717,0.638139,0.170674,84.2749
"2011","Line_34",8591.0645,0.665073,0.116147,84.3782
"2011","Line_35",8454.825,0.642234,0.076521,88.9163
"2011","Line_36",8544.5284,0.660865,0.065815,91.7004
"2011","Line_37",8551.6105,0.666164,0.067056,85.8133
"2011","Line_38",6007.8035,0.652456,0.070939,87.4521
"2011","Line_39",6206.4734,0.644326,0.080565,90.2116
"2011","Line_4",5859.2041,0.6724,0.056885,91.0826
"2011","Line_40",8962.9056,0.651492,0.149148,90.8834
"2011","Line_41",8735.427,0.630081,0.152097,93.4003
"2011","Line_42",8182.4383,0.675488,0.09697,94.6984
"2011","Line_43",7422.1807,0.66385,0.129788,88.2235
"2011","Line_44",8542.4105,0.648859,0.10229,92.0461
"2011","Line_46",8488.1082,0.641893,0.117974,89.9391
"2011","Line_47",8301.5265,0.662802,0.078349,86.6235
"2011","Line_48",7782.1122,0.622631,0.095515,86.6714
"2011","Line_49",7728.7431,0.631549,0.061476,85.5745
"2011","Line_5",6415.6047,0.654638,0.052353,92.1336
"2011","Line_50",7597.3863,0.65688,0.085749,94.6034
"2011","Line_51",7787.9029,0.634544,0.039741,87.2617
"2011","Line_52",7671.411,0.644417,0.0535,83.112
"2011","Line_53",8149.6713,0.647998,0.068051,76.7275
"2011","Line_54",7248.3743,0.672418,0.095872,85.5523
"2011","Line_55",6968.4972,0.656865,0.048577,83.6041
"2011","Line_56",6534.0037,0.642875,0.069344,87.7576
"2011","Line_57",7345.6084,0.658845,0.054388,88.2679
"2011","Line_58",7178.656,0.65226,0.053844,84.5823
"2011","Line_59",9078.1984,0.596657,0.071808,93.3929
"2011","Line_6",8021.8206,0.653666,0.045099,87.6722
"2011","Line_60",7458.2853,0.66406,0.065783,84.7122
"2011","Line_61",8313.814,0.67551,0.149136,87.1127
"2011","Line_62",7974.5402,0.606774,0.113135,94.0587
"2011","Line_63",8666.1803,0.640006,0.159908,89.3276
"2011","Line_64",8338.2556,0.615303,0.107614,90.3717
"2011","Line_65",8723.26,0.636444,0.077999,79.1575
"2011","Line_66",7212.3596,0.620594,0.152015,87.7912
"2011","Line_67",7826.1194,0.65945,0.092954,89.3736
"2011","Line_68",7555.3596,0.644892,0.070098,87.5079
"2011","Line_69",7183.5042,0.66042,0.070543,90.0242
"2011","Line_7",7443.9312,0.655113,0.115898,92.0069
"2011","Line_70",8178.2812,0.646526,0.08268,89.7805
"2011","Line_71",7532.731,0.658065,0.067699,83.1248
"2011","Line_72",7439.0319,0.670153,0.071969,92.7301
"2011","Line_73",7435.0586,0.663042,0.043287,93.7311
"2011","Line_74",7241.7603,0.673369,0.058299,89.8316
"2011","Line_75",8358.1033,0.699109,0.072728,85.4528
"2011","Line_76",7000.7631,0.667409,0.037789,84.2197
"2011","Line_77",8049.3382,0.686455,0.025907,87.5051
"2011","Line_78",7392.1874,0.669891,0.072878,84.4683
"2011","Line_79",6884.0252,0.66708,0.05983,89.5949
"2011","Line_8",5874.9651,0.63684,0.090666,93.8005
"2011","Line_80",7802.6171,0.672447,0.08237,87.4909
"2011","Line_81",6921.9663,0.626398,0.175116,105.4197
"2011","Line_82",7686.9335,0.614441,0.116723,85.0987
"2011","Line_83",7526.9704,0.634825,0.058236,87.9243
"2011","Line_84",7950.9159,0.612437,0.0949,92.1134
"2011","Line_85",9320.2891,0.571274,0.160575,98.5292
"2011","Line_86",7425.4133,0.65857,0.055054,91.2806
"2011","Line_87",7187.2007,0.678436,0.072785,83.8799
"2011","Line_88",6428.7811,0.671972,0.055358,85.8138
"2011","Line_89",6900.7386,0.670428,0.073515,87.8019
"2011","Line_9",7764.2559,0.668615,0.077025,88.3142
"2011","Line_90",6634.1312,0.668781,0.062478,83.8924
"2011","Line_91",7024.4614,0.675096,0.070542,85.5051
"2011","Line_92",7615.0796,0.668484,0.054315,85.1544
"2011","Line_93",6440.3133,0.683246,0.061677,91.0437
"2011","Line_94",6840.1877,0.679797,0.020926,85.2163
"2011","Line_95",8231.5098,0.645446,0.075654,89.4081
"2011","Line_96",8692.1061,0.641299,0.130076,85.562
"2011","Line_97",7002.2581,0.66346,0.061921,84.2486
"2011","Line_98",5686.9497,0.678326,0.017446,78.6443
"2011","Line_99",7631.5098,0.649946,0.117654,85.4081
"2012","Line_1",10562.6592,0.554283,0.203973,68.404
"2012","Line_10",10423.6586,0.571593,0.225919,69.9155
"2012","Line_100",9315.2157,0.553216,0.208183,75.8528
"2012","Line_101",10583.8577,0.573778,0.237686,71.1953
"2012","Line_102",9524.5659,0.559443,0.255247,76.508
"2012","Line_103",9846.5475,0.569094,0.19667,79.5268
"2012","Line_104",10206.3507,0.560529,0.20764,78.7578
"2012","Line_105",10291.5063,0.542918,0.222913,75.0553
"2012","Line_106",9036.6078,0.590041,0.202763,78.483
"2012","Line_107",10460.0197,0.545571,0.250405,85.38
"2012","Line_108",10007.826,0.543563,0.198507,82.2732
"2012","Line_109",9391.0968,0.510702,0.286339,83.7614
"2012","Line_11",8498.4889,0.562698,0.206413,64.685
"2012","Line_110",9674.6063,0.484762,0.293802,78.6686
"2012","Line_111",9811.449,0.518468,0.228831,74.1699
"2012","Line_112",10188.0534,0.530282,0.267348,81.7284
"2012","Line_113",10975.0938,0.583048,0.21548,78.5646
"2012","Line_114",9696.4528,0.545616,0.233529,84.0301
"2012","Line_115",9072.4345,0.552043,0.20592,74.4307
"2012","Line_116",9977.5684,0.572747,0.21145,73.7817
"2012","Line_117",8789.2688,0.564251,0.211538,80.8503
"2012","Line_118",8920.5868,0.585883,0.231632,75.2838
"2012","Line_119",9483.424,0.567903,0.225961,76.7841
"2012","Line_12",10310.3046,0.508261,0.223033,77.6048
"2012","Line_120",9522.9801,0.568484,0.215781,74.4999
"2012","Line_121",9122.3683,0.584754,0.230669,73.4214
"2012","Line_122",10666.0008,0.594613,0.23719,88.4092
"2012","Line_124",9595.1108,0.55689,0.219158,71.1697
"2012","Line_125",9076.4696,0.555848,0.200699,76.6341
"2012","Line_126",10351.4874,0.54567,0.199226,70.8785
"2012","Line_127",9898.6195,0.580525,0.209028,77.6416
"2012","Line_128",10145.4283,0.568979,0.208177,74.7015
"2012","Line_129",10008.1501,0.572747,0.205594,77.6345
"2012","Line_13",9459.9184,0.571616,0.24475,74.2692
"2012","Line_131",11520.6955,0.542959,0.289477,76.8854
"2012","Line_132",9486.3502,0.565197,0.26525,77.9489
"2012","Line_133",11011.9348,0.519771,0.274029,78.9739
"2012","Line_134",9637.682,0.539108,0.182996,77.5986
"2012","Line_135",10822.9669,0.567126,0.233739,78.1159
"2012","Line_136",10805.4262,0.533012,0.258243,74.3131
"2012","Line_137",9531.9326,0.512247,0.210987,69.7224
"2012","Line_138",9469.8748,0.565469,0.215622,75.4843
"2012","Line_139",10287.5205,0.552986,0.193663,83.0736
"2012","Line_14",9955.7121,0.51413,0.218055,75.8437
"2012","Line_140",10679.0051,0.581085,0.241347,80.6252
"2012","Line_141",8706.4455,0.563785,0.234192,77.2039
"2012","Line_142",9279.485,0.589904,0.189152,81.7257
"2012","Line_143",9657.1348,0.577877,0.232211,69.7858
"2012","Line_144",9733.2509,0.545584,0.224278,74.2049
"2012","Line_145",10601.9046,0.516418,0.227596,71.9645
"2012","Line_146",9781.4634,0.527884,0.218462,72.1829
"2012","Line_147",9421.9342,0.547289,0.228265,85.4007
"2012","Line_148",10556.5823,0.552459,0.21047,73.1708
"2012","Line_149",9917.7186,0.518696,0.250753,78.022
"2012","Line_15",9283.4263,0.515751,0.263304,79.7094
"2012","Line_150",10043.2605,0.557948,0.267207,68.9526
"2012","Line_151",10614.4213,0.501076,0.307059,69.2994
"2012","Line_152",9057.8303,0.527315,0.208467,61.8051
"2012","Line_153",9955.534,0.532189,0.284733,66.0064
"2012","Line_154",10967.7901,0.49426,0.33138,66.9569
"2012","Line_155",10203.9036,0.474401,0.245979,67.4325
"2012","Line_156",9114.3356,0.522087,0.265631,71.0355
"2012","Line_157",9175.1137,0.474724,0.267841,70.5832
"2012","Line_158",9197.9307,0.568833,0.257986,74.8728
"2012","Line_159",10373.0726,0.541414,0.287837,73.7473
"2012","Line_16",8504.6252,0.560378,0.199302,77.2151
"2012","Line_160",9944.3038,0.527123,0.305138,70.7465
"2012","Line_161",10977.5908,0.552696,0.250284,66.5627
"2012","Line_162",9602.6102,0.553174,0.223726,70.2768
"2012","Line_163",10153.9853,0.486304,0.334644,75.3195
"2012","Line_164",9765.2573,0.535843,0.241288,71.1966
"2012","Line_165",10898.8286,0.543254,0.286348,71.8151
"2012","Line_166",10650.9893,0.524991,0.262102,72.634
"2012","Line_167",10378.8173,0.550913,0.246174,78.7986
"2012","Line_168",9324.0955,0.55655,0.244669,81.0617
"2012","Line_169",10475.0447,0.513706,0.284288,75.4815
"2012","Line_17",10337.3227,0.555561,0.204751,76.5313
"2012","Line_170",9691.3343,0.528962,0.280009,70.885
"2012","Line_171",9222.2259,0.5539,0.194045,73.6584
"2012","Line_172",10060.9161,0.579361,0.193799,70.1741
"2012","Line_173",9597.1635,0.588002,0.190695,73.7784
"2012","Line_174",9956.2416,0.578924,0.197888,70.6308
"2012","Line_175",10533.1313,0.576984,0.238808,74.8668
"2012","Line_176",10661.8586,0.535172,0.225697,70.6961
"2012","Line_177",10221.441,0.558963,0.30289,70.6701
"2012","Line_178",9653.0585,0.587922,0.208112,68.3204
"2012","Line_179",10893.6248,0.57278,0.214452,72.8523
"2012","Line_18",10352.7976,0.514792,0.229718,71.3107
"2012","Line_180",9354.0172,0.575919,0.235726,68.6852
"2012","Line_181",9674.1813,0.583998,0.241242,69.3969
"2012","Line_182",9711.3152,0.559634,0.169848,69.4028
"2012","Line_183",9667.2395,0.583535,0.178761,71.1208
"2012","Line_184",10541.775,0.576789,0.21608,69.21
"2012","Line_185",9518.8732,0.581138,0.168001,71.248
"2012","Line_186",9847.0287,0.5623,0.254757,73.0423
"2012","Line_187",10499.4002,0.543299,0.219781,73.532
"2012","Line_188",9466.0714,0.59072,0.22341,72.2168
"2012","Line_189",10626.022,0.550083,0.21614,74.5749
"2012","Line_19",9875.0502,0.499021,0.183797,71.7831
"2012","Line_190",9923.3564,0.582888,0.195666,70.8493
"2012","Line_191",9005.1391,0.57942,0.213689,70.1245
"2012","Line_192",10349.8454,0.581281,0.200088,63.3078
"2012","Line_193",9844.6852,0.554936,0.248934,71.0529
"2012","Line_194",9803.7764,0.610236,0.17012,70.5932
"2012","Line_195",9242.0142,0.510113,0.19232,76.631
"2012","Line_196",10062.6023,0.604678,0.187304,70.3937
"2012","Line_197",10585.9594,0.577366,0.196158,77.7246
"2012","Line_198",10074.9691,0.575698,0.209231,73.5095
"2012","Line_199",10141.6315,0.538679,0.190226,74.968
"2012","Line_20",8688.8446,0.577092,0.218228,72.3918
"2012","Line_200",10265.5389,0.587404,0.237464,72.8164
"2012","Line_201",9686.0264,0.58428,0.164576,71.7205
"2012","Line_202",8975.7588,0.598828,0.181171,76.2834
"2012","Line_203",10538.4965,0.568108,0.1975,70.9386
"2012","Line_204",8890.9884,0.535632,0.225106,71.3283
"2012","Line_205",8775.8724,0.568266,0.164803,67.1421
"2012","Line_206",9279.7191,0.559616,0.189531,66.3256
"2012","Line_207",10168.0137,0.578996,0.21021,75.5357
"2012","Line_208",9340.4187,0.564984,0.244657,77.5493
"2012","Line_209",10110.4422,0.584704,0.216029,77.5976
"2012","Line_21",10653.9603,0.518996,0.27849,76.2345
"2012","Line_210",10074.6996,0.557089,0.197184,74.7052
"2012","Line_211",9060.5526,0.568176,0.190971,74.9204
"2012","Line_212",10430.0843,0.560886,0.208421,72.4697
"2012","Line_213",10884.3066,0.585278,0.203101,71.7431
"2012","Line_214",9092.8145,0.566716,0.220845,73.8279
"2012","Line_215",10321.3783,0.548508,0.202216,72.6308
"2012","Line_216",9639.1504,0.55682,0.17407,70.5257
"2012","Line_217",9550.0477,0.599476,0.18741,73.6818
"2012","Line_218",10093.711,0.587529,0.205892,73.0883
"2012","Line_219",10768.4136,0.521339,0.294195,70.736
"2012","Line_22",9323.6061,0.580629,0.194017,70.0365
"2012","Line_220",9572.043,0.588903,0.176769,71.6069
"2012","Line_221",10736.2053,0.562752,0.207237,70.8195
"2012","Line_222",9761.2043,0.504503,0.167068,65.7836
"2012","Line_223",10203.9546,0.542144,0.193255,63.6383
"2012","Line_224",9512.7286,0.569874,0.177396,74.2409
"2012","Line_225",10231.4184,0.524792,0.180191,70.3489
"2012","Line_226",10088.0501,0.568435,0.171981,73.0194
"2012","Line_227",10161.2738,0.51347,0.177208,71.7536
"2012","Line_228",10017.0102,0.586594,0.162919,70.0798
"2012","Line_229",10963.3567,0.556704,0.180015,66.7743
"2012","Line_23",10059.3176,0.549665,0.247958,78.4922
"2012","Line_230",12526.7682,0.572911,0.33751,70.3823
"2012","Line_231",9399.0912,0.540392,0.193301,75.4701
"2012","Line_232",11423.8929,0.591215,0.218142,72.1921
"2012","Line_233",10300.8121,0.586117,0.175497,69.5479
"2012","Line_234",11123.6318,0.542468,0.188695,74.8188
"2012","Line_235",11176.2387,0.525053,0.235048,72.5296
"2012","Line_236",10981.6236,0.5844,0.179999,76.7889
"2012","Line_237",9757.0831,0.57065,0.179488,73.1038
"2012","Line_238",9849.477,0.57864,0.184668,72.8873
"2012","Line_239",10341.3507,0.505632,0.225172,73.9371
"2012","Line_24",9268.5836,0.554281,0.206163,79.058
"2012","Line_240",10371.5699,0.567339,0.189108,74.8701
"2012","Line_241",10487.3882,0.583081,0.281369,77.9619
"2012","Line_242",10811.2555,0.590423,0.284783,69.1513
"2012","Line_243",11144.0969,0.567758,0.291329,77.4383
"2012","Line_244",9538.7855,0.51542,0.284586,67.9221
"2012","Line_245",9672.2892,0.508519,0.250617,69.5748
"2012","Line_246",10056.2315,0.539415,0.259211,72.1773
"2012","Line_247",10764.0854,0.530781,0.273633,73.7089
"2012","Line_248",10418.5534,0.596127,0.243148,74.6862
"2012","Line_249",11124.2966,0.579013,0.247646,78.109
"2012","Line_25",9836.5013,0.593958,0.215857,74.749
"2012","Line_250",10031.5358,0.592387,0.21016,77.6418
"2012","Line_251",10370.0532,0.57529,0.269069,79.7174
"2012","Line_252",10084.8091,0.542548,0.280068,79.1135
"2012","Line_253",10160.9355,0.566117,0.268578,71.6498
"2012","Line_254",9158.2988,0.585219,0.201044,72.2754
"2012","Line_255",9999.1116,0.584206,0.201018,73.6351
"2012","Line_256",9622.9145,0.591644,0.202636,66.4779
"2012","Line_257",9408.8354,0.604756,0.251588,71.7513
"2012","Line_258",10259.0568,0.610865,0.241595,69.848
"2012","Line_259",9848.2522,0.593188,0.188562,73.4655
"2012","Line_26",10625.6826,0.579774,0.20861,72.2527
"2012","Line_260",9740.7836,0.598207,0.247749,69.6931
"2012","Line_261",9465.6162,0.591894,0.246387,72.4805
"2012","Line_262",10070.1962,0.548092,0.246947,78.9362
"2012","Line_263",11150.9935,0.565312,0.236796,72.6636
"2012","Line_264",9888.7067,0.58431,0.218887,78.815
"2012","Line_265",9697.647,0.562078,0.215153,73.5897
"2012","Line_266",9252.1302,0.558681,0.186793,73.9687
"2012","Line_267",9298.9727,0.606901,0.181844,74.5041
"2012","Line_268",8882.6578,0.606938,0.173872,74.6019
"2012","Line_27",7840.7489,0.604299,0.197794,72.1855
"2012","Line_270",8411.9462,0.50995,0.195518,66.0226
"2012","Line_271",8699.3304,0.539431,0.219309,72.3366
"2012","Line_272",8313.3947,0.587972,0.173647,73.2417
"2012","Line_273",9624,0.5824,0.18407,74.9947
"2012","Line_274",9029.4798,0.569242,0.184894,66.1407
"2012","Line_275",8766.4398,0.552943,0.180899,66.2924
"2012","Line_276",9242.4884,0.593796,0.183663,71.866
"2012","Line_277",8568.5342,0.585736,0.180361,67.7522
"2012","Line_278",8653.7418,0.605062,0.181247,75.0852
"2012","Line_279",8938.0423,0.588777,0.261986,70.1883
"2012","Line_28",9320.943,0.595985,0.195595,84.5271
"2012","Line_280",11129.7607,0.514543,0.303286,77.5829
"2012","Line_281",9501.7026,0.534803,0.282482,63.8144
"2012","Line_282",9703.4246,0.601237,0.174257,76.104
"2012","Line_283",9334.5892,0.592375,0.173947,87.7963
"2012","Line_284",8470.8805,0.570067,0.193356,77.5617
"2012","Line_285",8886.3259,0.566565,0.233858,68.0251
"2012","Line_286",8953.4816,0.572976,0.238465,71.1972
"2012","Line_287",10153.2206,0.610844,0.210521,74.2704
"2012","Line_288",9134.0452,0.601109,0.189819,71.4264
"2012","Line_289",9024.8444,0.601172,0.193184,73.7655
"2012","Line_29",8176.217,0.610838,0.187578,75.3604
"2012","Line_290",10375.2461,0.59254,0.205924,71.5798
"2012","Line_291",8777.0557,0.619272,0.202282,68.2351
"2012","Line_292",8215.9397,0.619767,0.191682,75.0546
"2012","Line_293",8432.9275,0.627349,0.176675,71.1967
"2012","Line_294",9211.1747,0.567517,0.210488,69.5164
"2012","Line_295",8783.9036,0.567022,0.208778,71.8137
"2012","Line_296",9551.7617,0.580378,0.226252,74.9276
"2012","Line_297",9400.6285,0.587547,0.226222,76.24
"2012","Line_298",10243.3308,0.599817,0.2103,75.603
"2012","Line_299",11111.1223,0.526062,0.27526,78.7359
"2012","Line_3",10358.9841,0.592392,0.207136,64.8505
"2012","Line_30",10124.8335,0.611303,0.210015,71.6748
"2012","Line_300",9913.4825,0.544284,0.187229,73.3411
"2012","Line_301",10331.5465,0.574477,0.225893,75.6396
"2012","Line_302",9534.9956,0.554015,0.259521,75.8876
"2012","Line_303",10488.0897,0.539682,0.213844,72.3506
"2012","Line_304",9331.1062,0.544951,0.259784,72.0463
"2012","Line_305",10166.9407,0.582727,0.20825,70.8721
"2012","Line_306",10751.8955,0.547341,0.241914,72.0984
"2012","Line_307",10853.5333,0.564553,0.230817,76.4084
"2012","Line_308",10489.5045,0.543149,0.286065,76.5136
"2012","Line_309",11482.1196,0.592765,0.196593,74.8016
"2012","Line_31",9258.942,0.554772,0.219297,74.0201
"2012","Line_310",10788.0765,0.55502,0.23235,68.6149
"2012","Line_311",10472.0625,0.581724,0.209003,78.6938
"2012","Line_312",10668.3573,0.588848,0.254309,76.4912
"2012","Line_313",8369.5235,0.576941,0.225667,85.2861
"2012","Line_314",10269.6423,0.580773,0.258487,87.1067
"2012","Line_315",10387.4443,0.588023,0.217158,87.1917
"2012","Line_316",10615.4372,0.555073,0.219008,79.965
"2012","Line_317",9868.7564,0.582851,0.242988,76.8091
"2012","Line_318",9638.2467,0.571011,0.215893,78.6531
"2012","Line_319",10536.209,0.567835,0.213181,78.8667
"2012","Line_32",9069.3812,0.556173,0.173099,69.8768
"2012","Line_320",5259.2019,0.585035,0.374819,116.908
"2012","Line_321",8825.1043,0.570778,0.238269,77.4035
"2012","Line_33",10571.4696,0.548659,0.316168,72.1464
"2012","Line_34",9782.32,0.569802,0.263064,71.8318
"2012","Line_35",9813.7273,0.578707,0.200997,77.6042
"2012","Line_36",10131.8754,0.574246,0.235995,78.8421
"2012","Line_37",10868.2078,0.606366,0.208698,69.0019
"2012","Line_38",9138.9602,0.5728,0.195972,65.1628
"2012","Line_39",9864.9371,0.557819,0.185394,78.6688
"2012","Line_4",10337.0322,0.603125,0.195712,67.2385
"2012","Line_40",8724.5613,0.531267,0.238357,76.5428
"2012","Line_41",8709.0782,0.558835,0.213095,74.5786
"2012","Line_42",9180.4253,0.546964,0.206714,77.827
"2012","Line_43",8896.2285,0.497137,0.056445,71.2373
"2012","Line_44",8667.593,0.588427,0.229956,76.3817
"2012","Line_46",9394.872,0.605371,0.288965,80.2469
"2012","Line_47",8941.3097,0.510151,0.082392,71.3388
"2012","Line_48",9084.0223,0.573157,0.17373,78.7643
"2012","Line_49",9168.9763,0.541151,0.144059,78.3388
"2012","Line_5",8909.7783,0.547472,0.181314,72.8396
"2012","Line_50",9110.2369,0.541447,0.076156,68.153
"2012","Line_51",8876.4734,0.568936,0.188064,79.5721
"2012","Line_52",9573.3367,0.530886,0.085616,70.6027
"2012","Line_53",9494.4688,0.596695,0.155028,63.5432
"2012","Line_54",9337.1287,0.557233,0.109428,73.9543
"2012","Line_55",9383.7043,0.583657,0.204965,74.4285
"2012","Line_56",9832.1886,0.559321,0.128088,75.9326
"2012","Line_57",8658.3115,0.593453,0.203471,72.7208
"2012","Line_58",9520.4001,0.566178,0.163016,77.9052
"2012","Line_59",10842.4211,0.540353,0.133692,83.2634
"2012","Line_6",9871.5986,0.555937,0.184291,71.7597
"2012","Line_60",8923.6947,0.522812,0.028945,71.4406
"2012","Line_61",9929.5646,0.548219,0.20897,77.6171
"2012","Line_62",9825.6536,0.534305,0.129851,77.2024
"2012","Line_63",9440.1734,0.515396,0.051901,72.1228
"2012","Line_64",8566.5014,0.677127,0.502492,74.356
"2012","Line_65",9987.8919,0.513247,0.038588,71.9399
"2012","Line_66",10168.2775,0.576412,0.135649,70.9584
"2012","Line_67",10153.9755,0.593932,0.260522,77.3701
"2012","Line_68",10006.4951,0.564206,0.260975,75.0214
"2012","Line_69",9822.0682,0.576824,0.216811,74.7428
"2012","Line_7",10104.6342,0.563359,0.240903,70.2836
"2012","Line_70",9509.1151,0.533333,0.199697,80.5912
"2012","Line_71",9041.6803,0.553136,0.246381,74.0947
"2012","Line_72",10264.2037,0.561073,0.252938,76.6927
"2012","Line_73",9589.8863,0.544362,0.204011,74.5307
"2012","Line_74",9406.1263,0.556848,0.259137,74.1621
"2012","Line_75",10755.0003,0.566865,0.269117,74.5947
"2012","Line_76",9292.3864,0.55985,0.271602,78.1993
"2012","Line_77",9390.2067,0.499809,0.037925,72.3635
"2012","Line_78",9189.0949,0.524239,0.117189,70.692
"2012","Line_79",9455.2109,0.534774,0.199025,73.9379
"2012","Line_8",9216.643,0.555965,0.225759,65.9606
"2012","Line_80",9750.5684,0.541584,0.183377,75.8055
"2012","Line_81",8085.0509,0.600273,0.32121,94.2442
"2012","Line_82",8906.0282,0.59759,0.345798,78.8589
"2012","Line_83",8582.1786,0.600956,0.428531,77.4989
"2012","Line_84",9711.0161,0.501225,0.130265,77.0821
"2012","Line_85",10105.9243,0.623292,0.358833,78.698
"2012","Line_86",8110.3395,0.588879,0.315926,76.0008
"2012","Line_87",9354.2453,0.561776,0.229602,77.9133
"2012","Line_88",9358.5726,0.565326,0.270168,75.0326
"2012","Line_89",8462.3286,0.550449,0.210651,72.6698
"2012","Line_9",10173.2384,0.581602,0.216009,70.4553
"2012","Line_90",8616.504,0.53197,0.199954,70.9069
"2012","Line_91",8833.7677,0.572986,0.296096,74.0029
"2012","Line_92",9666.5566,0.574696,0.23807,77.0169
"2012","Line_93",9274.3254,0.560876,0.296006,79.1055
"2012","Line_94",9276.7049,0.581304,0.225105,71.8786
"2012","Line_95",10376.3276,0.574998,0.235715,76.7106
"2012","Line_96",11097.0855,0.570064,0.238223,76.1887
"2012","Line_97",10775.7799,0.57673,0.238272,77.3412
"2012","Line_98",9666.606,0.580225,0.192238,68.9886
"2012","Line_99",10495.1112,0.566476,0.236803,75.9827
"2013","Line_101",7722.1582,0.603094,0.039944,88.398
"2013","Line_104",8742.0724,0.614752,0.043844,91.2455
"2013","Line_105",8493.7138,0.582673,0.07061,91.3437
"2013","Line_107",8306.1276,0.622946,0.127944,98.9776
"2013","Line_108",8820.4926,0.603937,0.052944,98.6614
"2013","Line_112",8226.4742,0.604055,0.116343,98.2357
"2013","Line_116",7204.6099,0.619574,0.03551,86.0566
"2013","Line_117",7826.2174,0.58191,0.06661,88.3961
"2013","Line_126",7718.256,0.649317,0.093127,86.158
"2013","Line_127",7992.0185,0.649992,0.080794,92.2841
"2013","Line_128",7523.2449,0.643653,0.04631,92.5343
"2013","Line_131",9469.0353,0.58053,0.220852,89.8626
"2013","Line_133",9060.8971,0.597942,0.138977,96.8428
"2013","Line_134",8712.5318,0.606752,0.02731,91.5241
"2013","Line_135",8303.3321,0.600075,0.106977,90.6775
"2013","Line_136",8571.3087,0.606643,0.17931,91.5265
"2013","Line_138",8368.3087,0.630112,0.077852,92.8314
"2013","Line_139",8107.9925,0.61665,0.063669,91.5338
"2013","Line_140",8031.2352,0.650113,0.13746,93.4799
"2013","Line_143",8124.37,0.627829,0.067185,85.9307
"2013","Line_145",7911.009,0.613139,0.075243,83.5075
"2013","Line_146",8700.9798,0.606193,0.06791,89.4003
"2013","Line_149",8670.1477,0.601614,0.10751,95.5982
"2013","Line_150",8259.7822,0.585143,0.105878,84.3388
"2013","Line_156",8181.3512,0.555311,0.143644,88.3389
"2013","Line_158",7142.7559,0.605446,0.131911,85.3094
"2013","Line_159",9143.5321,0.630055,0.142478,89.5422
"2013","Line_160",8028.0854,0.5874,0.191911,83.5851
"2013","Line_161",8939.7154,0.550635,0.155644,83.5334
"2013","Line_164",8039.5959,0.591624,0.130311,88.8281
"2013","Line_165",9318.6956,0.549809,0.187844,87.8422
"2013","Line_166",8155.2818,0.550362,0.169311,83.5804
"2013","Line_170",8242.0046,0.619477,0.118878,87.8001
"2013","Line_171",8277.3472,0.618247,0.065144,87.5344
"2013","Line_172",8226.2622,0.627522,0.079927,84.8051
"2013","Line_173",7734.8102,0.625818,0.074202,88.9619
"2013","Line_174",8539.7368,0.614898,0.073385,84.8513
"2013","Line_175",8872.2141,0.615289,0.091127,91.031
"2013","Line_176",8432.629,0.616155,0.047869,86.8233
"2013","Line_179",7994.6321,0.62225,0.068261,86.2785
"2013","Line_181",8265.7737,0.641129,0.122927,87.146
"2013","Line_185",7343.0294,0.645718,0.038202,84.7789
"2013","Line_187",8830.0374,0.589402,0.038411,86.503
"2013","Line_189",7597.9807,0.636463,0.050411,89.7703
"2013","Line_194",7830.7357,0.63364,0.026152,82.3318
"2013","Line_198",7563.0558,0.611289,0.084246,84.7299
"2013","Line_199",8261.8654,0.615943,0.073244,85.4357
"2013","Line_203",8648.2333,0.605242,0.069483,86.8265
"2013","Line_209",7716.4134,0.605942,0.064485,86.025
"2013","Line_212",7835.8433,0.598706,0.149577,93.6581
"2013","Line_218",7815.135,0.618221,0.074485,89.629
"2013","Line_221",8207.7301,0.63,0.052152,86.9567
"2013","Line_223",8682.1483,0.639506,0.093911,78.965
"2013","Line_225",8158.1883,0.618325,0.05615,87.7939
"2013","Line_226",8281.0594,0.656026,0.070577,89.4677
"2013","Line_227",8139.1784,0.647639,0.047819,88.9024
"2013","Line_228",7381.3709,0.656827,0.060579,88.5067
"2013","Line_229",9218.234,0.591806,0.113244,85.3623
"2013","Line_230",9549.7866,0.587612,0.289483,84.0611
"2013","Line_232",7975.8777,0.648218,0.063969,82.8082
"2013","Line_233",8252.7537,0.646656,0.063971,85.8492
"2013","Line_234",7951.4623,0.635218,0.082877,86.3135
"2013","Line_235",8406.7844,0.617816,0.100305,81.6125
"2013","Line_236",8676.5945,0.603549,0.078303,90.6855
"2013","Line_237",7720.4295,0.628232,0.082636,82.4037
"2013","Line_238",7200.3976,0.632911,0.093542,88.9432
"2013","Line_240",8402.2874,0.651832,0.066969,89.5848
"2013","Line_242",9176.4277,0.605216,0.203956,87.3901
"2013","Line_243",8903.3316,0.590632,0.117289,90.9452
"2013","Line_246",9632.9634,0.529664,0.179289,90.9519
"2013","Line_248",8781.526,0.648241,0.103279,89.4041
"2013","Line_249",9767.6306,0.606391,0.118946,94.1067
"2013","Line_250",8770.552,0.629534,0.088622,89.0578
"2013","Line_251",9546.6755,0.603428,0.112495,92.0214
"2013","Line_255",8322.9116,0.634281,0.070162,90.1348
"2013","Line_256",8127.6716,0.645704,0.073839,84.7873
"2013","Line_258",8740.9711,0.638623,0.087505,90.4904
"2013","Line_260",8104.4674,0.628281,0.102495,86.488
"2013","Line_262",8770.8187,0.576074,0.105289,91.9085
"2013","Line_263",8734.1365,0.624015,0.093172,85.855
"2013","Line_264",9413.5859,0.581059,0.133829,96.0871
"2013","Line_265",7162.4877,0.585964,0.092408,89.6161
"2013","Line_268",8581.5439,0.634606,0.034958,85.8808
"2013","Line_279",9102.8629,0.624443,0.156075,79.4626
"2013","Line_282",7923.1761,0.658513,0.046085,101.1362
"2013","Line_283",8011.68,0.660551,0.041292,99.7965
"2013","Line_287",8404.6012,0.659262,0.043625,85.741
"2013","Line_288",8291.8997,0.63135,0.046408,80.7242
"2013","Line_290",9059.3314,0.657667,0.061418,77.3159
"2013","Line_291",8428.3938,0.632075,0.054968,82.8237
"2013","Line_294",8676.8056,0.613518,0.071302,84.7522
"2013","Line_295",7883.1983,0.647494,0.049704,85.6215
"2013","Line_298",7667.8954,0.664501,0.02038,92.2353
"2013","Line_299",9051.0343,0.619221,0.141371,91.3841
"2013","Line_300",8703.9801,0.639164,0.08538,92.4647
"2013","Line_301",9060.7057,0.591469,0.148371,97.3012
"2013","Line_303",8800.8157,0.632204,0.124038,92.2407
"2013","Line_305",9348.5657,0.635794,0.13638,88.3306
"2013","Line_306",8613.7616,0.59739,0.090046,84.3713
"2013","Line_307",8959.863,0.596719,0.165713,93.702
"2013","Line_309",9872.4555,0.654773,0.079704,88.425
"2013","Line_311",9619.5616,0.624658,0.114014,91.3604
"2013","Line_316",8099.4189,0.60005,0.083681,95.2196
"2013","Line_317",7099.81,0.62354,0.092689,89.9865
"2013","Line_319",6616.2471,0.624898,0.082023,85.6659
"2013","Line_320",6425.9999,0.624848,0.083121,129.1021
"2013","Line_44",8675.8415,0.571614,0.153374,96.4118
"2013","Line_46",8140.912,0.599145,0.154908,91.1756
"2013","Line_47",8840.3563,0.619173,0.081241,87.7527
"2013","Line_53",7827.06,0.610101,0.050575,83.0275
"2013","Line_54",6508.7949,0.635715,0.067853,84.5703
"2013","Line_59",7485.248,0.569115,0.107721,101.5126
"2013","Line_61",7444.7092,0.643841,0.14504,91.4156
"2013","Line_62",7486.3414,0.597064,0.081908,94.4044
"2013","Line_63",8021.9301,0.606343,0.149374,90.9067
"2013","Line_64",7922.0051,0.600194,0.086388,88.3878
"2013","Line_65",8649.8486,0.592633,0.099853,85.5369
"2013","Line_68",9096.165,0.605377,0.06052,84.3637
"2013","Line_70",6261.5373,0.616058,0.076054,88.4599
"2013","Line_72",7537.7001,0.644909,0.081241,91.1796
"2013","Line_73",7736.8672,0.658716,0.061241,87.8733
"2013","Line_75",8593.8124,0.645164,0.082454,84.7885
"2013","Line_77",7892.8053,0.654777,0.032655,90.7678
"2013","Line_79",7901.108,0.657182,0.063787,88.2843
"2013","Line_80",8444.7251,0.654043,0.091842,87.3392
"2013","Line_81",6891.8511,0.599982,0.108975,112.1946
"2013","Line_82",7356.9466,0.6023,0.060842,91.281
"2013","Line_83",7189.4723,0.643297,0.040322,97.1749
"2013","Line_84",8476.8481,0.595071,0.074322,93.4458
"2013","Line_85",7548.3238,0.550502,0.160945,93.541
"2013","Line_92",8443.6882,0.634318,0.077787,92.4577
"2013","Line_95",7804.6548,0.600486,0.07291,85.7906
"2013","Line_96",8434.3366,0.624377,0.12201,84.6441
"2013","Line_99",7645.7268,0.615751,0.08551,89.0244
